DestinationID,DestinationName,Country,Description
1,West Rickymouth,Czech Republic,Certainly rate purpose. Social event senior from sound. War staff serious year late miss sound.
2,Port Eddie,Mayotte,Act thing benefit charge then each few. Approach small trade.
3,Kimberlystad,Turks and Caicos Islands,Hit possible rich course. Public or subject collection way sometimes. Available Mr billion fill.
4,Braunborough,Zambia,Truth everything light public explain relate kind.
5,Williamsberg,Fiji,Inside human walk though. Site whose station friend shoulder board.
6,East Margaret,Egypt,Just believe personal item another. Sport can note seek staff food.
7,Port Michelle,Hungary,Now decade music end single budget.
8,Port Natashastad,New Caledonia,Direction animal politics talk I. But teach or.
9,Joshuaburgh,Yemen,Gun wind agree ask black. Goal western old fly. Skill control worker approach.
10,Bryanhaven,Bolivia,Collection son sure us radio. Buy wife miss compare. Land yard worker executive require.
11,Lake Lisatown,Czech Republic,Assume writer long have present institution black. Low run mention accept arrive.
12,West April,Egypt,A develop summer start attorney fall stock.
13,Port Erika,Macao,The too return respond major serve professional. Against amount partner age fine order woman side.
14,South Nicole,Latvia,Dark contain show deal must wide event gas. Cover best statement western everyone.
15,East Carlshire,Georgia,Ready his they accept whole. Appear represent current cover other especially recent.
16,Hollandmouth,Honduras,Water eight science. Discussion while free enjoy.
17,West Brett,New Zealand,Edge start just have Republican sign. Rest however memory prepare public time.
18,Jacksonton,Swaziland,Glass simply mission world. Nature help author.
19,Andersontown,Western Sahara,Director will plant most. It this glass though.
20,South Dana,Antigua and Barbuda,Least successful Republican. Really leader science occur stock season.
