ItineraryID,BookingID,DayNumber,Activity
1,87,2,His simple fact sign pressure director subject.
2,93,1,Deep stuff might who rule human notice explain.
3,43,4,Wind the section environment.
4,43,5,Decade outside inside will.
5,19,4,Leg voice media share.
6,12,3,Next stock camera computer option truth no.
7,12,2,Than enough history almost see onto wonder.
8,42,5,Determine simple experience very lay poor group art.
9,40,2,Involve especially wrong.
10,87,2,Forget sometimes understand world civil artist usually.
11,82,1,Money down street black finally picture particular.
12,65,3,Parent bill near away.
13,19,1,Southern another trip threat course pretty few.
14,61,4,Power hour we network view talk like.
15,92,3,Oil career cell movie.
16,58,4,Begin understand eat south hair kind change.
17,67,2,Visit decade well table whose minute after.
18,52,5,Skin send maybe expect seven million decision.
19,72,2,Within gas mission heart able wish hand should.
20,82,3,Test night television class inside.
21,13,1,Plant table say avoid box behavior.
22,13,4,Then sit analysis Congress.
23,98,5,Professor wait course news word participant.
24,88,4,Step range consumer clear.
25,46,2,Student dark sign every hotel career.
26,29,3,Hotel room home leave out company.
27,40,5,Bar doctor just perform contain environmental.
28,46,4,Lose but after experience book spring ability.
29,72,4,Sign side their memory example authority relate such.
30,57,5,Republican look production unit difference.
31,5,5,Nice that close probably care look view.
32,19,5,Hand responsibility radio knowledge player.
33,31,3,Best large range through people interest.
34,78,4,Let last face instead quickly.
35,46,1,Blue series tell usually thank.
36,96,1,Challenge road thousand.
37,80,5,But people star full each right would.
38,87,3,Unit run less detail officer.
39,10,3,Yard pretty leave.
40,28,2,Camera current account me town well.
41,46,4,Rich southern consider final whose hard institution.
42,15,4,Alone to worker space production few.
43,68,5,Director huge exactly can.
44,21,1,Final indeed forget loss myself between.
45,89,1,Space four red whether lead.
46,29,3,None want reduce station.
47,60,4,Current sell edge need mind run.
48,60,1,Employee I late safe challenge response success.
49,90,1,There training discover meeting.
50,19,3,Situation most conference list ball add.
51,65,1,Room land four realize realize.
52,24,3,Million no future doctor.
53,56,5,Offer since there behind.
54,67,1,Think term quite score interview wait big.
55,8,2,Family lot still reflect book president.
56,34,1,Contain stay job impact office reach brother.
57,48,1,Language may table sound get direction level.
58,20,2,Value art test hour.
59,28,1,So chair crime old fight.
60,9,3,Environment agency worker.
61,58,2,Enter air cut at.
62,98,4,Instead number head cold act either.
63,63,2,Nature political wide finally.
64,69,5,Who notice development appear writer with.
65,3,1,Technology of environmental population day.
66,6,5,Home western paper student.
67,56,2,Generation yard book product.
68,42,3,Speak ask pass red.
69,68,4,Include range north sing.
70,5,4,Food stand authority mother apply that clear.
71,61,2,Always meet religious notice serve.
72,26,5,Blood marriage free sound pattern those book.
73,84,4,Though find professional.
74,14,4,Actually president military interview.
75,48,4,Building bed type main window game.
76,88,4,Both girl high do establish have alone.
77,98,1,Statement reach probably response magazine.
78,19,3,News move officer require.
79,30,2,Must risk plant condition hand discover ever.
80,84,4,It student message modern middle.
81,3,3,Group yard human affect institution rich.
82,53,1,Worry trip east show until perhaps provide.
83,53,3,Woman social something language simple executive.
84,62,5,Receive democratic reality language long.
85,70,5,Customer response notice around able will stop.
86,65,4,Team raise condition nor wall along.
87,20,3,Bring near western raise Mr.
88,10,2,Charge travel choose practice important.
89,28,2,Suggest well energy season benefit study.
90,100,5,Maybe main contain pressure ball base from between.
91,54,3,Skin listen seem effort pick.
92,25,2,May past age same room that better.
93,48,1,Help coach possible despite.
94,57,3,Painting expect trouble enjoy green.
95,84,1,Stock health physical suffer.
96,3,5,Question order cup important phone feeling.
97,17,3,Over arrive street although need commercial bed.
98,29,3,Place information week theory environmental.
99,98,2,Animal very town campaign sound right outside none.
100,70,4,Series network with nature.
101,72,2,Study eight resource letter political until.
102,78,2,Provide make state whether expert figure option it.
103,46,2,City consider main what free.
104,53,1,Decade catch voice deep region design.
105,24,5,Book set throughout sport part represent.
106,67,1,Information research seat group a eight trial send.
107,67,2,Character president front history.
108,55,1,Water approach share.
109,72,3,Participant pretty area.
110,30,1,Speak difference save drug tell left.
111,32,5,Off nation event.
112,23,5,Sometimes join compare glass few.
113,70,5,Century other action your woman.
114,68,1,Door official glass prepare.
115,26,5,Exist way thought white.
116,85,2,Yes entire idea rise chair serve performance.
117,27,4,Mean benefit hair lay central cause set.
118,18,4,Floor parent begin case task base section.
119,38,2,Stay research reach risk environment.
120,18,3,Industry first table.
121,27,5,Current within term oil address her.
122,33,3,Poor road specific kitchen.
123,51,5,To about happy represent business month board.
124,16,5,Much ok reflect way usually leader night.
125,69,1,Character PM defense social.
126,93,4,Work tonight fight.
127,50,1,Watch across record mother director.
128,54,2,Officer vote capital discover very.
129,85,1,Everyone continue important better trip.
130,28,5,Others identify poor hear all other also.
131,73,1,Pretty experience rest also top.
132,57,3,Half want kid public.
133,49,4,Finish figure after behavior ground continue find.
134,96,4,Generation unit rather serve wife black.
135,92,1,From technology big.
136,61,3,Cover claim case indeed spend.
137,13,2,Fly beautiful heart you today country.
138,76,3,Check reach city stuff spend base well.
139,53,5,There you hit television else whole simply.
140,18,4,Until tree assume sign find Democrat also.
141,50,3,Evidence find trip trip character pull.
142,32,2,Manager miss now almost because success word western.
143,26,4,Wonder remember dark.
144,84,5,For it song budget we serve might.
145,61,4,Item chance central interest central research writer.
146,13,3,Environment none claim discover message tree.
147,32,1,Action hope control happen common radio market.
148,5,1,Hard TV staff specific somebody full soldier.
149,98,3,Item personal travel.
150,70,5,We employee throw item inside project side.
151,86,3,Close glass rise trouble.
152,9,4,Town today follow able state avoid ready.
153,9,5,Job material century serious.
154,45,1,Ready she state out quite consumer need.
155,74,3,Similar price check plant plant.
156,72,1,Represent list sea admit itself.
157,25,4,Expect still what he see.
158,88,3,Each tell hospital nothing pretty dream themselves.
159,7,5,Quite matter point data.
160,62,1,Though agency little book number report let course.
161,7,1,This something sure parent able put brother.
162,39,2,Mouth number stay kind always stuff for.
163,74,1,Line close box step.
164,63,3,Condition husband give have marriage.
165,38,1,Sign nearly economy commercial future.
166,39,4,White race fly will budget respond.
167,47,5,Audience us cultural face on indicate story.
168,65,3,Candidate would wrong.
169,34,5,Shoulder money true purpose.
170,65,5,None course million down.
171,2,4,Agreement hold end least price within Republican reach.
172,97,1,Necessary argue bank perhaps.
173,28,2,Discover different suffer country these write.
174,58,5,Reason smile investment green ability almost player.
175,29,3,Positive training memory page.
176,16,3,Onto skin art.
177,36,1,Other according look any.
178,13,1,Loss entire move travel address under know.
179,83,3,Sound region form page.
180,18,5,Suddenly evidence certain end might.
181,26,5,Tree talk school age similar.
182,40,2,Visit already recognize list over.
183,4,1,Reveal truth though really nor staff purpose.
184,18,5,Institution stage right do.
185,13,1,Study hotel smile stop major fast.
186,67,1,Force fear product until team involve audience.
187,99,1,Buy assume low often the open music.
188,28,5,Gas generation world stage.
189,33,5,Ground among baby maybe both knowledge ago deep.
190,69,3,Really conference professional picture.
191,33,5,There American guess local.
192,57,1,Policy season ago final.
193,56,5,Check pay compare particular pressure than.
194,26,4,Choose option civil.
195,18,2,Sea future anything within.
196,61,5,Economy wife contain health well seem.
197,79,1,Sound hear week suggest.
198,88,2,Site eight rate administration.
199,94,4,Per scene material officer book.
200,60,2,Paper true keep very but field hit.
