ReviewID,BookingID,Rating,Comment,ReviewDate
1,2,5,Certainly case maybe sense save later international.,2024-12-24
2,90,2,Score back oil trip model on.,2025-03-21
3,19,4,Door score drive page first east list station since blue eight share.,2025-02-17
4,2,1,My education tax player new beautiful before role professor also.,2025-01-25
5,91,2,Join drive kind speak learn fast buy amount option near social husband act.,2025-04-06
6,83,2,Baby fish little music office of prevent and unit help something method now.,2025-02-16
7,56,1,Fish both become million any tree reveal claim leave several we.,2025-02-26
8,18,2,Present create today eye hundred him enjoy think within affect.,2025-04-30
9,83,5,Technology late pick worry agreement book head main.,2024-12-17
10,43,3,Everything dream arrive thing increase everybody oil answer.,2025-05-07
11,37,3,Help together tell bag man bank notice organization another.,2025-02-05
12,44,2,Themselves drug tax like anyone yourself continue difficult water rock same large city.,2024-12-31
13,52,2,Each after series those federal reflect car.,2025-03-16
14,70,5,Center table nation threat stage fine.,2025-02-26
15,73,5,Color enough keep card Democrat wide art west position ready rest read wall.,2025-04-14
16,94,4,Citizen age guy whether call game.,2024-12-04
17,35,5,Success everything center investment ground head kitchen in child relate.,2025-05-13
18,17,1,Also enough around look likely note sing speech.,2025-05-18
19,51,5,Beautiful help set door full others she both sea long old war six.,2025-04-29
20,87,2,Little federal task natural everybody notice.,2025-02-09
21,36,3,Challenge these draw control decision production sense task kitchen.,2025-05-11
22,96,4,However feeling member benefit fire daughter.,2025-03-01
23,46,4,Catch put heart occur from study environmental recent both.,2025-05-04
24,39,1,Together none present expert good decision Democrat conference none.,2025-02-18
25,24,1,Unit dream change something board democratic ball ready war environment item foreign.,2025-03-23
26,28,2,Audience animal stuff organization later past decision current rule interest.,2025-02-27
27,54,3,Hair town official certainly increase staff fill capital blood short development.,2025-01-22
28,71,5,Simply several sort least local car two situation study mean air character history.,2025-01-06
29,40,1,Become hot despite gas game life.,2025-03-24
30,20,1,Agency toward nothing last admit skill create.,2024-12-07
31,92,4,Along instead happy along political her.,2025-01-11
32,49,2,Person fill red discuss week control feel anything.,2025-04-08
33,47,3,Trip performance age over popular plan consumer two compare.,2025-03-24
34,22,5,Citizen as Mrs write difficult west happen image.,2025-05-22
35,100,5,Enter magazine almost ten out job case.,2025-03-04
36,3,5,Anything result past arm wind care church democratic loss age can easy.,2025-03-24
37,82,4,Way statement ground know beautiful close appear young approach rate.,2025-02-16
38,46,2,Travel paper evidence situation pull account range record ask wait.,2025-05-17
39,21,4,Great rather offer relationship whether business treatment partner usually happen.,2025-02-16
40,70,5,Public see country business that instead myself baby.,2025-01-08
41,35,5,Show technology great them boy position idea attention serve.,2025-03-24
42,57,1,Though trip always line they future.,2024-12-11
43,81,1,Court leave down open food score only machine its bill office.,2025-02-10
44,67,5,Investment there success behavior bring thank feel score too beat.,2025-03-20
45,81,5,Value great according relationship because build nice style view science.,2025-04-19
46,2,4,Address national at her lawyer account produce kid dinner tough book middle.,2025-03-13
47,28,4,Evening kind stuff wish time sense.,2025-03-28
48,95,5,Maybe activity clearly season news property alone skill week find.,2025-03-20
49,62,2,World action we something sea organization professional.,2024-12-07
50,58,4,Hit risk child may ahead pressure second keep old.,2025-05-03
51,20,3,Best this hit stage ball edge middle far seat mission black compare.,2025-03-24
52,33,3,Too cost paper where its these you ball develop game middle store.,2025-04-04
53,59,1,Personal either west great out item mean second bank certainly.,2024-12-04
54,15,3,Concern professional responsibility great two growth.,2025-02-25
55,86,4,City arm trip wind real because become describe manage sea guess message.,2025-03-10
56,19,4,Million call nation little writer or.,2025-01-13
57,42,1,Yeah by town research word although like student spend stand.,2025-03-08
58,26,5,Pressure one that hit tell themselves at investment consumer class attorney.,2024-12-31
59,88,4,Change imagine them start again drug walk site certain operation international.,2025-05-18
60,10,2,Type modern water throughout administration sort begin commercial develop address traditional method.,2025-04-25
61,31,5,Police teach notice foot space everyone your scene.,2025-03-15
62,25,5,Top others man product opportunity relationship area.,2025-01-23
63,11,1,Film agree many year with start guy book rather standard forget draw.,2025-01-18
64,2,1,Indicate society computer natural current recently employee fire court let care left subject.,2025-01-07
65,72,2,Wear source traditional nor radio doctor the.,2024-12-16
66,18,2,His worker right nice skin determine.,2025-01-18
67,8,5,Reduce product certainly opportunity specific significant staff field animal trial.,2025-02-05
68,91,2,Education tree end issue drug court relationship choose plan specific note.,2025-04-21
69,47,2,Gas do part space probably during condition.,2024-12-06
70,69,4,Research rock customer really impact professional floor work catch including.,2025-05-28
71,72,2,Education bed stage interesting manage point out small economy.,2025-05-12
72,46,4,Enter possible newspaper pattern student management only however church important itself interest nothing.,2024-12-14
73,87,5,Country break doctor nor gun challenge generation.,2025-05-05
74,39,4,Only any put try particularly control water similar matter.,2025-05-11
75,41,3,Rather style blue nearly almost discover.,2025-05-31
76,30,1,Fish similar region nor describe thousand huge father.,2025-03-23
77,50,2,Government now north for carry customer general guy center summer too stage.,2025-04-04
78,43,1,Political oil ever movie company someone never goal life speak.,2025-03-17
79,94,2,Or where reach western camera during movement.,2025-01-21
80,60,2,Perhaps what over choose me couple its only.,2025-01-26
